id_code,diagnosis
b16787f65d49,0
d25c41b91aa6,2
9311beca06a7,2
362ee624995d,2
2245678ba096,2
63f6b0fe5bbf,2
8cbefbaed16e,2
f7113d580492,0
e982c6b5b726,1
c7c003cdaaba,3
8a177340ac5a,3
204b0837f6c3,1
6124e6a4ad00,1
782cdccbdb1a,2
afe3ed0f5671,2
793ae37853b4,2
8571e10b7294,3
c5c5c97d4404,2
d64a07eb634d,4
fc5ea7f74c48,2
366e5c14a7d8,3
98b46d9f4731,2
85f608bcb50a,3
a5ea92b7864c,2
5598165adbff,2
c0f6ebbff5dd,2
4810eb8e7c88,2
a512464b26bf,3
93c1af8b625c,2
0904fcd03369,2
0c7e66a53ce3,2
af9d45e2f834,2
db682fa7f5b6,2
a0c6e8c3c68f,0
f5b4f7bc69e7,1
7a34808e1e70,0
c1a060f49e24,2
ef10428bec8e,2
597ab119ba6d,0
0b88274d5d7d,2
9d71c73256a8,2
36d1ae1fcf8d,2
6e48f854f7e6,1
8c6ccbe00895,0
7690663d8171,1
b3db392f5ee8,2
e675ee5cfabe,2
7f0920d6072e,0
fa007743976a,2
f41ef796cc0d,2
419bb68a1ee0,1
ec727873cdb7,0
c13e52ea958e,2
1388399910c7,1
a6276ef5053b,4
51a3e9b6a1c0,1
791fbce04aa5,2
96a8532d5bc5,2
b26d1ec8c81a,2
b0fc3ca722ba,2
6ed9e38a4239,2
4180f7f0c182,2
69b3f1028e99,2
46a654b6a3db,2
0e86fbc6cb8b,2
0aebb1b2aef1,3
9f1af957139f,2
51323e9d2070,0
8fc74bd50fcb,0
40d7a111ee7c,2
eea7f3cdc9dd,2
76b15ed2d4be,2
84eff2a86662,2
0df488d86631,2
b22d649a343a,2
51169b298d9f,2
069037e82135,2
153a1a1157d8,2
5d3d0306074c,2
4fa9722572c0,0
128b94971423,2
d18c404c056f,0
2ef886fa090f,2
62df7040b3df,2
84acea0b8a00,3
0c39fa1f2cfa,3
ee76112096cf,0
443b96e2e048,1
13065b0ff1e0,0
010d915e229a,2
90c98069e6f1,4
9bd683e16325,2
716b001ba7a4,2
99b0bee3bca7,2
4bf97a2f0398,2
8cfe2de3e7f4,2
8c9cf6f116be,2
c8a498c984f3,2
73894f64bcb1,2
22de26199c44,1
91fb0a2a63fd,2
f543269b7905,1
c1ddef7c2411,2
9156e3f3a878,2
22c9f6694a99,2
ca2521ce3704,2
8bdd17b5974b,2
3df3c5e97663,2
354a0e7a60e2,2
cdfa6bafa14b,2
b93f6b61c889,0
8bb4dfa61806,2
b29bd35acaf6,4
a252a97fbaec,2
df16c3ac7046,2
edd6984490a2,0
6a1ee951c1d5,0
fde8778182af,2
57d5d0d42cac,2
3832a69f943a,2
5c1ed0268157,0
3ef3056cc3d0,3
ade59f8a4564,2
e177610cf7a1,0
eba177d4e30e,2
dfff4dd8e2a3,2
a23f0953f08c,0
7bebe5198246,2
0eb6e41a8658,2
e5bab5038b26,2
b4aa74fa7811,2
427110b0a05e,2
ca30526a247c,2
1e04a80f12dd,1
fd8e6b0b2e45,4
f3135d8ed877,0
49a91567632e,2
1e0309115a25,2
47b9790a76b3,2
3b9ee705c750,0
427264c3232d,2
214e78f46682,2
5c081b9e1c7f,2
1f244c85e046,3
020921b796d5,2
43c7740f646a,2
72dd7ca97f55,2
e1a9cafeb308,0
9324f4ff95d2,2
f68ada6a0892,3
b00235fc4967,1
20a955de8a62,3
f893813ed0d4,4
24206453d834,0
25e5dc143433,0
9215a3ce482b,0
1491b52c49e4,0
25d98da73248,0
531937254e73,2
ab1fc7f40d64,2
bfeaf538c6ca,3
48cc693a081d,2
a6940316fe47,1
fef8e645d030,2
8c4b2c26e478,2
556c2790a2e5,2
9c2c32cbda5a,1
be6eaf53228f,0
49f6ffbc8356,0
456b6a5827d4,2
8c49d9de02d6,2
85035afa9b10,2
f10e7a05264b,1
7898c981032a,2
3382ab75cc96,3
f5ebdedbba98,2
b70b29ad9e23,3
3bab7d408b23,0
94017cfa574e,0
34fb98396a24,1
212fc55744e9,2
2cfc3041caca,2
c38bfcb69bac,0
3bab6c115f7d,0
8944ffa47333,3
1876ac30fdc5,0
308924f570d7,2
2e1c2cb1850e,2
5db5832b333b,2
6e2d7cee2d91,2
52a353760f72,2
ec1ec61a3354,0
ea35436c0b08,2
71d124893573,4
6a6b6dc586c8,2
49cb7972e2a2,2
bde27560a3b8,2
1f2018b62574,2
b01de692186b,2
1d1539c0fb03,1
448c1f328542,4
10249038e07f,2
95485b752436,2
f0fe049d478b,3
c423a0b222de,0
c582e76be4a6,2
e5ace8dc0bad,2
45ca3fb3bfc5,2
4dcc7b517c26,3
6eb52b81fa50,2
c75940045da2,2
51f0bf8f1544,0
1a18d78ffb56,2
6ef23497ea54,2
91b81018ff9d,2
0e9d6c70eaf7,2
315ca7df2c04,1
5450ee92dfc6,0
8d0bcd4ebff6,0
44191b514dee,0
59abc465e159,2
50dab20a4ad4,3
f0e6fd9a71d8,1
081c7ec32f27,2
b9a598e33aa9,0
b9d2e411d7a5,2
ae3ab8ac036c,2
07685fac659a,2
990c506d8de0,2
b59604582a69,2
d0c9ada304c5,2
6a0f21edb0d8,2
dadc953e79e2,0
1c62728dd31b,0
836324a89d99,2
3e2ae41e0730,0
8fc5d55a4ece,2
d91d32018e74,0
c3e311d899ed,2
398817adaf16,2
af1d9213ef42,2
c04f7d5ac56e,0
ef44b0f4d553,1
8305107835c6,2
49af6f1390b9,2
5b81f6394a99,2
ae43fbdb0db5,2
ef1548136b3f,2
3f42e760cc3e,2
01e4d86b3a30,2
9baaa9117adb,2
6853d1c8546d,2
a2d894364873,0
3c2796e8e8ff,0
2917c28c46d5,2
570982b0dbf2,1
10407824638c,3
ae23bd4b0b57,0
39a7cac6ac9c,0
aaa2cf8d02ef,2
507be4c76d8b,2
3a23f37fc79e,2
6a4ab4927ee7,2
db6d64fc74e9,3
ec8f3ec97245,2
8214256b4e51,0
88e0bd76f4c9,4
d1fbba2bd872,2
896c75533897,2
f2320b9e1197,0
51bbd82feec8,2
26b070e80ae3,2
3dfe134d5d1c,2
68823df37247,2
a9bc8e153c30,2
ad24860aee94,2
d4266ee268a8,3
f9f3d97f3269,1
1b79278c8cb5,1
8ca8da22d961,2
c6340f6782f3,2
e4ea1673d8f8,2
58ab162bfc89,1
f96fecb16957,4
d5641bbb70f4,2
6b7d26aea1e9,2
763bfd250520,3
d4fe9da627c7,2
0f1613975335,2
0f1a967313c3,0
c1f5f01d7615,4
481657080d8b,2
445fec0912db,0
7ca07d02a1ff,2
5022c0563335,2
22c7ca4863ee,2
6e239ecaad8d,4
91fd830b7677,1
a7699068be9a,0
6a27a25f7a0c,2
51910bcb980d,3
d1edebb87566,3
471ff7e04b2f,2
bbc58fd26e9d,2
5b27368c6983,2
7031ca7c5ee1,2
cb484b214c95,2
9a33293f90b5,2
3b8f78e1767f,1
55ab23df5fa0,2
b3aaa2cd3308,0
3393ee9e7f29,2
5a1dd8fa44e9,2
55c5356d96f8,2
0bfa8ea173d6,2
a444ca028295,2
e6834d55bf6b,2
5416642e06dd,0
be71e340dbaa,2
270a532df702,0
2677d5c9983e,1
51fa42dc1415,0
ee506d853270,2
446d2a4606bf,2
2cdd4f04b914,2
8a2b969112a7,2
e7c6e71e699a,2
9ae71f3f62d1,0
4a51e72940f2,2
bc7419fa4437,0
b436e2bfeabe,1
92c773457ab2,2
acb732e347c0,2
662785685674,2
8c45490f701a,2
1d2354eba61d,0
b9195b82342b,2
ee9d64c9be0a,0
515675001b9e,2
8b83f4b2d1a9,2
697fb916ad18,3
051d9d12a6ee,2
f9f1cd9ed16c,2
79adfdcb827f,3
e7655ce118ad,2
34de3550c1be,2
5d443c9e3d39,3
fc66648f758e,0
4578ed5eeb9f,2
704c6f80bb20,2
dbcbc3467e56,2
980b5ca190ce,0
68d97772bd3a,2
5ad469f293f7,2
cefdb6b7fda2,1
c2fa7e44f4bd,3
bd027726e13b,3
8939b6701f96,2
263dde841c5e,2
d667f316aa03,2
6dd2dbd802ea,0
e7557ee92477,2
351aba543dc8,2
c56dff0321fa,0
8fdecd6a923d,2
f898d3e8ed90,2
6508c11c4785,2
be644233f515,2
8affa9a1fecd,3
6b62d4aae182,2
9eabe2bdf1e9,2
fd2978398705,2
264bb74277a5,2
b8e0fb561c0c,2
586eba507c88,2
1e15a8fa476f,2
9f90ceaacec9,2
f15d74f144a9,2
3f5420546cba,2
557be0cf8e49,1
1c6e15aeb154,4
d60e1e5c5c0f,4
c61d374afa32,2
4def7bc721a9,2
9c73a69a7911,2
5d26d29704ad,1
c7f4b034a731,2
f3d95fad170c,0
08dc27511636,4
033cdbbbdfaa,3
880eacc5ab23,4
d1d1999d1d64,4
f08c01a8a480,3
9730d08edebd,2
92ebf5417491,2
106dac320289,2
291069435ace,2
b7b9839a025b,2
8c41de06d44e,2
a5b28de176ba,4
57327f5c7d71,2
0ed192cd67a2,1
e12714617669,2
ca948114cb53,2
8aba1a000d36,1
559a719e403f,2
6543b4168f98,4
995eb7091756,0
76d8e779d555,3
9a9091fd7806,3
4d8cb0caa08a,2
1136833be435,2
78ce997489a4,2
fc3935afc788,2
b430b6148d0b,2
c829f6b37ac3,2
2430807dfad5,2
7af3af7910a4,3
33712f0c55f1,1
855d60689040,2
f44fd938c664,3
f7cb2e6212b2,2
5db032900d31,2
da58ea1e0407,2
7959bb5d9fa2,0
d81c3856082a,1
e5987d9e2a11,2
7635124f70f8,0
8dc530ad4a1e,2
2099648072a2,2
c929f270bd89,2
2c739d725e5e,1
a3e5281f3158,0
983b3a401c9e,2
086727c22b75,2
f636fc9e4355,2
7e1f51fbb458,0
f75b65c8cc4c,0
411ee15ad4cf,2
7c1d86c79903,2
7744ab973027,1
c5b9a7917858,0
8efd5ed7c4d8,2
b9896cdaa409,3
c72492c66aa4,2
2c8781c1089d,2
bae2e0f0943e,2
64a4926e85b5,2
d995728f0e26,2
c57f8905dc76,0
5f84992353f8,4
b09e9ba256f7,0
2f2920b82e56,2
c03c647fde23,2
783b3787c36d,2
cd6cb8eca034,0
4c70b2944d9e,2
810b1ef05d20,2
ec4309136788,4
cf94420fc02c,2
da68a7779f0d,2
cee9079c5c8c,2
326808142745,2
94281fced6bb,2
c85bc4a45f7c,2
b40863d24767,0
b75dedf39e2a,3
58f0807d2297,4
cfe6c3a302c4,2
82515c8bfd5e,2
bccb2c2c4216,2
d31da0ad1639,2
4b4c0a15473c,2
3a9890cf2440,1
28079fa5dac3,2
5ab9e78b45ef,2
ab6a3748da27,2
d2379ffcd65e,2
b5dfdc8b2b87,0
251f4323b63d,1
49897ae73aa9,1
332770e3dd42,2
f6578f3dfafe,3
ad25a4f5beba,2
5b18feb15d84,2
3738406eb0f4,2
9ec84fe4292a,3
2b6f28934445,2
f1178112a435,2
5f158adf5bbc,0
ddc65711db04,1
bc2a4b1c45b0,4
29cdebe47a49,2
e319bce1d9ad,3
3c6bee77688a,2
9240b949fdc0,2
ac601d2e714d,1
828ad210e3e2,2
5dc52ff46300,2
872d2097a7ad,2
b081fecd7600,2
7e0ec22cb51b,2
23e7645e7e39,2
8eec629c3c8b,0
8d892f6b5976,2
4929dea59cb7,0
14ab77198610,1
07d8d154e752,3
d7fc386c546f,1
113971387d87,2
7fa21762b1c3,2
236c9c9c40c5,1
29003528aadc,2
99b6b8ecbcfa,2
6220b43ea8eb,2
c47fe8e08b85,2
b1f69a5b75d4,0
cb2319096cee,2
21da3c4da8ad,2
74342f5181a9,1
98f7c1cefa4b,3
3dc26a50270e,2
b7c8cd2a6b2c,1
77f1ffe777b7,2
66bce216e103,2
ed59b7d44223,2
4fdd1ca8bd89,1
b4f43e48009a,2
ec71f67e2cd1,2
82566de7f4d1,2
f36969f69b4f,4
c370a38c855e,2
2109169f580e,0
2818509e0fb4,4
305635aaec8a,2
5d2e1e53b383,2
0229c0a80d42,2
0f8fc606e17c,2
17b08e34f0ed,2
80921264504c,2
fab7d8e8a1fa,2
d055c5298145,2
132e1876157b,4
5a8dbaf0e001,2
6f275262123c,2
35dbd229cfa2,0
14a4f23b07a5,2
978eaa69ae93,2
7715276d2551,1
e7f566b79edd,1
4b83fb74c2a7,2
4e545daf0236,2
052e00f47cfa,2
ce08ebfff762,2
b5967c4f8545,2
acd5ea4e65ee,2
7bafbda8b8f7,2
6afb888c1c74,2
61cd9c25c7d3,2
eb470f336ee2,2
f8b184ad0701,2
42ae83e0089b,2
c537a3ca84b1,0
96261748266e,2
0ad36156ad5d,2
badf9d11fe77,0
8e4cf64ec035,2
2d49bf3d67db,2
a93db82a21e1,2
7e5b5318671f,2
ac1ead3c51c6,2
da4e9278ccfe,2
a48d59891a94,2
767cf5fccd97,2
5325b1c22c61,4
dde91361002c,4
652a1edabdb7,1
397ffea483ef,2
e99e5a0b8755,2
5d97ebd575cd,2
2047c76a05da,3
318330f2d44b,2
fbc502a64901,2
cbf8916e5abe,2
ab7acf4fcbf0,4
28cba3df4fa9,1
ce588daddf8d,2
2c931e49bc58,0
99fe5175a56f,2
78816c91ac9a,2
afe657fa2f7d,2
3c142c3f33d7,2
f7dd2700a3d5,2
764b9b51cd9f,2
abd992633744,4
95753b394d4c,0
c0cb34b0f29f,2
31ff4e7d7d09,2
0f96e3e4a5a0,2
72b8b473ffbd,2
4dc102e8d716,2
3d83eba14bd2,2
d6320a089dcf,3
c275d57d4cf9,3
bc9d8ac89c82,0
d6301df5abf1,1
ab49679c489a,2
dc7b66c705d7,2
c346339ff00f,2
9d2327e95076,2
8cf4258bd346,3
e4fb9b17a8e6,3
f07ca35b523b,2
9df628dd2d68,2
ea4a8d1b2358,0
d9b846ab7972,2
c19b684d1f54,2
0f23c3028206,0
ffdc2152d455,0
4df7349f0806,2
1719183e95b6,2
06035cfbcc18,0
e752f13c725c,2
163a8bffdc88,0
d7251d24ad17,2
f444cd113883,2
c723c0765065,2
7ba4225b323e,0
b7d617607c6e,2
7454c19acf81,2
fcbc1f4b5342,2
37e7e09c2d93,2
9aaf74b298c2,2
5fa2f89a0ec2,2
a4105f653783,2
2936da8f3f2a,4
c1b6188f46c9,2
de8ce19274f7,3
567bfbf30117,3
33cd1f67204e,2
f72a18c76408,0
2fb539602f57,2
76a1bc72e45f,2
4247b91698fc,2
4a5aad82e737,0
e9602a2d3044,2
75d1e729c75d,3
3cc1ca3e086b,2
df1aa0e4fdc0,0
bb25b28d11c4,1
80ffe924f95b,2
e3eaf3d12ad4,1
90f3a3addf92,4
6ec54031d7ca,2
5544449ac18d,0
2bd279f7c431,1
178bf0bd8902,2
becb5885318b,2
5b79366b7eb0,3
b6cf540b6935,2
7a75f799ecaf,2
9ede102f5e7b,4
da91be7eeb4f,2
587e6a83a90f,2
326f05b4fef0,0
cb2eaa6e87ad,1
25217ad0dfae,3
af79af943ec6,2
4efcfde6a0c4,4
0b65c09c7bac,2
8927a914c9c8,2
343b1abb81a0,2
dbf67b9638cd,4
87487c4c4ddc,2
0737dfb0a164,2
da763f0c1a0f,2
d3e10a38cefb,4
acd52452b9a2,2
8930d35c9076,2
56ef3b79e31f,2
f7de9615aea3,2
1fb1acde9818,2
26978370afb3,2
450e2a692142,3
d099f9ee17f2,2
74350fe494ba,2
17bed9f69d84,2
04a0773c71fb,2
281c50ee8d6f,2
7a5b1c716560,2
73b897339735,2
1b1522622a53,2
9efba19d237c,2
68a6c5d949f5,2
6ad7b5beef75,2
f360627bb76b,2
ea58b230f540,2
a78b86e53095,3
db5d26026ed9,2
079e029f3b2e,1
1c6139829ba9,0
0d564d76c97c,2
3a70c2d49381,1
354003bb216f,2
ae307e24355b,2
fcea00df9f33,1
4f9f6984a2f7,2
dfcde9f583c0,2
9305aafdde3d,2
5ca89ec3c507,0
6e19f08344ed,2
e04b4316c2a1,4
5ed96c970a57,2
12411c037cfb,2
fb75ed010413,2
ad13303b17c9,2
2d250a5030de,3
aa60bff84a4c,3
dd8aa5d8cc3e,2
f320b5f7f5b5,4
96602edec13c,2
087966da55c2,2
f526c7a16749,4
6b26135a16f1,2
b78412d404fc,2
7136203550af,2
2c76697bd479,2
3936578169d1,0
1927c7ed6570,4
80aa9b30d2f9,2
7007d3ba7e79,2
b90a9ac76003,2
ee544d980b5e,4
929ae04a77a9,2
e076c2fc95fe,2
1784c33b4f27,2
f0a4b6713914,2
7eb119b81d16,2
4541683880a4,2
f8b9c9f5235f,1
e999c64033df,2
16ae04d67de3,1
d7a16a05f86e,2
51de5fb8eccd,2
213e9ca67626,2
60849fa4a14a,2
a150cde164c1,1
dafade8b6561,2
8daed4c00661,2
74fbfe8eefd2,2
85105e9ab635,4
0434995d0654,2
de491c9a3896,2
0946ae407745,2
9eac62719123,4
2f042d9c1376,0
4ae1cf32388b,4
a6135b708059,0
4d8e6a111b56,2
f9e7f614c91d,4
d04d1e8302c1,3
082c7ccb536a,3
f8f530fa573e,3
7d593a4da56f,1
447d8e8f446d,2
cf95d13f210a,0
8ea5698a1619,2
857e2dafc6d0,2
6ea2fc471536,2
8327efe946c2,2
d57bdb46e998,2
c54f83a2d026,2
4db841b2ab70,2
ef49726b8df9,2
688ae4721ccd,2
5edf6828c280,2
5400549bfe76,2
4306b1965385,2
57fa1bc682b6,2
09b5e952f996,2
4824f6db2b82,0
0ee72c039036,2
4d00167f2d05,2
86c179395e2b,2
27c3c04811b6,2
8d72498b9e30,2
d66b9c127924,3
53be22c72713,2
bca38b014cdd,2
ae1cc896a422,0
8d955a3d9286,2
082fc6f323a1,2
65153f9ad387,2
7b03611c6d88,2
267a4f971f1a,3
fb5b3c8d9cbb,2
ef5f4ffdd75c,4
d463abce569a,1
206c526761e4,1
4d32f2284293,2
bab03e16c029,2
a6e5dd321ae4,0
f73e8ec73179,3
dcee11470733,2
c1f4bc49a4c5,2
456c55e0d8f9,0
ba1c620284fa,2
d490d6bf7a9c,1
caf8c68b4b7f,2
d13d82ddc158,2
1ff6e5ec40b4,2
58b740608ded,2
b501a5bdd0cc,2
99c6cf808e47,2
aad278dd0f28,0
d2d6fcb41a71,3
97168872e4de,2
ed0ccec62a3a,2
c8beb20d5a63,2
848091b1f5d0,2
bf94a80a5ce1,3
a87e705d63ee,0
5ebc9dbbe79d,0
9496a9b6c38e,0
dd583f42cbd0,3
7a7f72b1c5ce,2
4890c8e4f897,2
c867b4547f66,2
38b53cec399f,2
c9725a732b15,2
d073f7f99d46,0
58a569759348,2
0268f4382c67,2
1a0a62061725,2
ccb7656b082f,2
5d3f125976eb,2
8bbef4ac9702,0
baf2f593243e,2
741ef20e5e28,0
d655d099f8d6,2
470fd63322d1,2
0d1610cda7fc,2
bef30368d78d,1
92f5e1793a37,2
2f5824d3365c,0
b5a43f4f66b6,2
8a1791bd2bb0,0
78bdd1ecee00,0
c39d7fde814c,1
4947431500d5,1
42a25af5ad7e,1
4686020fa0c6,2
030e06ddbb04,2
2abf36e59970,0
006efc72b638,2
31f1684bfa1a,0
4a7b0751d94e,2
d26370778377,2
805103f04fd6,2
a8df9599a564,2
2a153b1c0d2e,2
11dc8d4a66a7,0
494db7a542a8,0
096d6bb6546b,2
e70756bf1618,0
e73737111c4e,3
8f4612fa90aa,2
48530f602b11,2
9b325a96f41a,4
ff2fd94448de,2
e2fdc91493f4,3
86fd5df366b2,2
408ea007f294,2
600afae2d4e9,1
0b121d798018,2
69d21c5c7dce,1
2ce3c3451e86,2
c0b5445db374,2
dabe64a3b18b,0
09d32c9008ca,3
cc95391f2576,2
7c10eeb5f1ee,2
6e2f3f746226,2
d557cff45218,4
e62ae9cc6f9d,2
65cf08a0ecc8,2
b214c2228c53,2
03042a663e54,2
925967c408c7,2
3fdbdbc04be6,2
7d182df47a75,2
dbd772828089,4
66304c1099a0,2
76c854fde95e,1
a0d3fd0386d9,1
eab2934c55e1,2
d5d1482f6b6b,2
75c6563ed058,4
c4a81ee6362b,0
26fa7ce480df,2
7ac156fd3932,0
6e5887ae04c7,2
a99e7996c664,0
6a54653ad12b,2
989379d3303a,2
82cdbde2bd94,2
e0ccaed5f4fc,2
003f0afdcd15,2
96c21d31212c,0
948c75fbe02f,4
86ca8c8d563d,2
ee969c006782,2
67b614d32bcc,1
41672ba8bcb1,2
5c3872c226bb,2
daeec7b8e982,2
571ab04c9e87,4
9b4b809730ec,2
8938eb4d9c63,1
9cd7e434aa47,1
7b17a0d85204,2
9f2317a63b63,2
d7532b579b2b,4
39b48b299c45,3
24289104b70b,2
59738e82c527,2
0e428b886e07,2
f785337edf07,1
430436d78a9f,2
55bae08492c0,2
9a36c6d23fe8,2
4818612e32d1,2
cdf3f1c8ec1d,2
5a66a5abdec6,2
df9fb7e570cd,2
a66d287411ee,2
4d80c835d862,2
00836aaacf06,2
2f906addeb38,2
d5e760a949b9,2
bd3bd6aac8e2,2
0ddb0dbbef76,2
e1abc348d5bc,2
fed9d587f158,2
0111b949947e,1
ca9d987ffde2,0
627997ab6ba3,2
18e65ae600f3,0
96a3a01f0522,2
0167076e7089,1
167d9edb5cc1,2
64a507309332,0
8adf13f4fc16,2
54b6b91249ad,2
18b0e7e82204,4
6c96703bc565,2
207265d7e694,0
ad893b080457,1
9295bc2a4c7a,0
a8a268334c78,2
3503d1413125,2
f7f026a5a4bb,4
836b43b8c125,0
9600b8ad9d49,0
aad86eddfe58,1
58392bb56fad,2
a69162579d65,0
a8798ba9d196,2
ee98121d0c5a,4
ebb70180b81a,2
e4e847470e49,4
881ab102a44e,4
f7f8dd6cd6bd,2
44477c53f3d9,2
f4a37bac1050,4
afb7907b77d9,2
5177461f5339,3
5d6b9a2fddbf,2
4fbaf91d94fe,2
8e83a8ae27cf,3
41484b672eb5,2
1a6b7f58d488,0
f6a9c937e6d6,0
83bd9d017f84,2
5baaa0041555,2
7a4d0a3b5e5a,2
d02fd631b440,2
0928150bb29a,0
c320df3fe094,2
2eff10731599,2
a924c71421de,0
5595883f47f0,2
174be0d1e02d,2
0ef1f5075178,2
ec5b8792b1a2,1
7ffecef49237,2
ad4c27a10804,0
38496a64a658,2
4ed925492ea1,2
f32bdf2a84ec,2
80976eb17462,2
31e9b7060c33,2
e44c5eb9cbf3,0
146edf3ba156,0
b5190b4f1d59,2
a252632b8c91,2
1d5a1d9fe2cb,2
0e107399795b,2
cf99da5598c2,2
80d85db5fe6f,2
2412b2c0e74a,2
bb53d6785e8a,2
ab2daf10fd97,2
4f903dd3f420,2
ae61b6385750,2
d81987552a7d,4
60c6583fa35c,1
ec248c3ecd10,0
e2300fd74ccc,2
2ea138c85bb1,2
417d3908ee21,4
ef8c405f0c7b,2
0ca261d6e31d,0
bee2621d5a8e,2
94fac9bf79e0,2
7d2243c508d8,1
98c2c42a0317,2
687856bd64a7,0
810b9603c241,2
d1873f49e545,1
e5687116e274,2
0ecaf177e85f,2
500586e31827,2
4efa03e7d043,2
ba9dbc90fdf1,4
4bf29bca6018,2
6a4a51e42782,2
4abdddd0b247,1
beda8915324d,2
c57e87ac7d8b,2
edeccdfdfdf9,0
e87155449e8c,2
3c4329778c68,2
600b2b469a2f,2
1822b6c60784,2
40b4ece7bd32,2
89f1314e2c10,2
3fa9277a3780,1
3099f71a8760,3
ccba4cf55bf5,2
a71375ac84f6,2
d07f7b3453ac,2
d00312c50737,1
8d01494c2821,2
bc8d12d09cf0,0
e46a71fcb54b,0
893b140bd358,2
831826087154,0
214a244dd49f,2
fac5beea82bd,2
7764e684c8d4,2
fe5618ad2460,2
4e8b41486289,2
e44c7c93e116,2
7eeed2e26c9f,0
5971c10c1465,2
5a311e3e8979,2
ffa73465b705,2
af8c79d4a864,1
967b01064b9c,2
d1a276276890,2
42bef0737ac1,2
b8b36543507f,2
6938b334d93b,4
f85bf43b7e05,1
ccc3e15fa536,2
8cfa1b047c34,2
aa2c125a8ab8,2
e29765ebf3bc,2
b0767b7577e4,4
7a9b50cd9a1c,1
c18a0972d652,2
431e6e79e394,2
eaa11b9fd165,2
f99a9ad63dda,4
6466e474e048,2
ba2fc27e7f12,2
a2319c2af727,2
43e0368e857b,0
04e1b77ef107,2
fbc8b60526f1,2
6a4936e83256,2
17403c0714f1,2
bfd3dcc96967,1
73a0917d732b,2
ab20ac20337a,2
b48785a5f763,2
ad1cbd4b97ad,3
57e7e85b6bcd,3
70115c0f75cf,2
3099467aeef2,2
9f2539320e85,0
f32613d8dd7f,2
3c297a4f0464,4
9285ad837947,2
b4f238551dfe,2
ba1ad5bac85c,0
b243620b82aa,0
64d749faea54,2
127976eab419,3
6d51db325a98,1
23e9b7b14f2d,2
43c1d80cd2b2,3
a7c338c946be,2
8b840ed255d8,2
2c2b9c974ca7,2
81ed0c587703,2
0952ca2ece1c,0
bf599a93ca9b,2
c39399ebd841,2
0d1c7806f918,1
430613d6ba11,1
4c4af41533e1,4
acb0e59ebfcd,0
ce3ac82b2824,0
c56f9d5ae96e,2
2ec041fd9a0c,4
3a1bdff4e304,2
d23aa310a873,2
91705661f6a8,3
c434df57e02b,2
69f0ca93349a,2
6dce3f20de26,2
63826c56eeac,2
83cfacba2dd7,2
fe57ff56618e,2
e8efde11fae0,2
5b7e38adccf3,2
6f8a7b6b30c2,2
4a01c849bdeb,3
e8d83190b171,2
133f96f06473,2
760f9f1cf5c2,0
3c9cd9224d05,4
6d41b03ce069,2
9d19500e74c9,2
a0ad897e6ef3,2
6d7f586a4f82,2
901028c2b54f,2
298da7a521cb,2
74df1775ee07,2
3e7fc52c3541,2
cccaeed0bc15,2
f7b5f3581d20,3
437fa52cb1cb,3
8b96e506768c,2
40ea59a0228b,3
ea8e9a3144e0,1
dd7c7113b438,3
7d6ea897ee30,2
512beaada8f0,2
a6aa2030d1f6,2
ef514c87f4ec,2
b9f4fa36c061,2
7b66133d42cf,2
2e4c87ecc92c,2
417f1709a8a2,2
4b47ed879207,3
a1eb5f42737e,2
c064277b8cc6,0
be640164686b,2
b1fe958f25d1,3
e229725ddccd,2
d6bef5e72002,0
2cea0d33d7a2,2
fa8b04533b99,2
938a59f04582,2
b1ea863519a7,2
9266068354b4,0
f5aa838e2ffc,0
638a49bc4928,4
256dbdb1821c,2
a18e97c55688,4
5092d7fc1392,2
dcc69ebb6b75,2
ae39a208b180,2
de202d6ca406,2
8fcc91d6e28f,0
e7a9e0ecdd65,4
fee5bd042c3b,4
732aa8f82078,2
4944b1de8817,2
0bab4b301d71,4
c03b523cfb2d,2
659f752cb810,3
b62254c29af8,3
6825ccf0affe,3
f3a6c7df5fdc,2
496039c25f39,2
0fb78ccb86f8,4
a2183cf3a237,0
fdde61dd1bde,2
e0bb4081ebec,4
b0d2c5ac27ed,2
7dcbbc17fe47,2
d5f7be34df0d,2
7d15cfc7fc45,2
62d9da36bd9e,2
3575ff59acc0,3
e57ddcade9b2,0
ab796d05745b,0
c49c47887520,2
8f874a9724df,2
464c22b720ea,2
2c754e336552,4
fe1d2f703efc,2
636997a49fcb,1
219828b94b41,0
1ca90de96f99,2
c623cd3dfc93,2
92eb43fbfd8b,2
90fc89319207,2
8914493483f5,2
b17545486692,3
50ff3607fc26,4
4f985a7320d9,0
009245722fa4,2
fcd166e6e4b5,2
987f80393a5a,0
19f165a25974,3
aabeb044a306,2
fda8612fcc8c,0
ead743033ad9,2
5ad2ca6d422f,4
deb6f3d6f1c6,2
48b280688d0d,2
91fc4b2b8c1c,2
c66bf1a7d923,2
03be80919be4,2
fb2d29623cfc,2
48c30363529b,1
c4cfcc09fdf1,3
a958957485f1,2
c43d6133ca37,0
1466c7e5936e,2
7f3d521363ab,3
61ddbcedbc9e,0
0299d97f31f7,1
21326c03723b,0
77978316c53a,2
57cbd5909e16,2
e2d902dccbac,2
f1fe9471fc83,1
b6937fc5672f,2
01c31b10ab99,4
352fe3e5b3fe,2
9fd4cd92b5e3,2
dd525bbb2ca3,0
0cad3584e761,2
7d67e38d7ba6,0
fd2d58c6cd45,1
1d7c4c12769e,2
21715aad6f7b,2
a00e9f3e46b3,2
f443c3d7ab22,0
2dec44360855,2
2f31f6d5f7b2,2
ede39fdf8477,0
9a7e2e8fa01a,0
e3e124e05aef,2
5b42aa87662e,3
2893b2a3cdfe,1
a14c98b20437,3
2d6246da3909,2
148e913a3cb7,4
c2ab32a760b6,2
1b4843340486,2
22daab4f0786,2
c0f1ea4d0215,2
2da814938e0a,2
c19e4d3f6e92,4
b510ee1cfc21,2
130887394f97,2
ac93ddd2c5a7,2
d29d5d08e8af,0
bda2d5ca6f7c,1
e051148841ce,2
15a5df617fb1,0
0fd68a854aa1,2
cbde1c64f27e,3
1a7fe0c18772,2
464ee4a542b0,3
98c3ff1b4001,2
06e60df1823e,2
96c199f2afcb,2
3a2b37343edd,2
82a412dba6cd,2
7fe2cff51752,2
93aa0b383db9,2
020f6983114d,2
74c97e963ca4,2
ccad8575f78c,1
a20cb71c8cb8,2
7d353a9d3218,3
68aa38df13d5,0
24d5ed8ba19a,2
1ab40e2386ea,2
20dd582bf9c7,2
98e2a0c2238d,3
0af338c60d2d,2
228769e96741,2
77283954f311,2
0ccfca342907,2
b4316f572eaa,1
b31e601ffdc7,2
f059ab26d40a,0
fd4d81b43e84,2
616a989990b0,2
a435c6136916,3
18009c3e5653,2
9b5f62614c14,2
dc6649bd0e07,2
c39c40be80e9,2
cba1fb3d80e0,2
3d2e3e4113cc,2
ad225d153500,0
d607960647ac,2
c3e13501e198,2
81a9391f7828,2
3f03980754e7,2
e31794f248df,2
fbb5cb3a2222,0
4f857f0e33e5,0
5de19dac4ac3,2
8fb196f59171,3
2bb39124c823,0
b21c1ff1bb64,0
c3fea3498883,1
cc232dbbb4d1,4
8943b2b8c8ea,2
16ae52b6ac9b,2
7c0c20cd8114,2
8c4bb8e93f24,2
f7b4b4cf9161,2
49a027e2cebb,1
a2c2dcbcc398,2
35c2442a20dc,2
fa7a97f4de76,0
446edc2b054f,2
b807f431700b,2
d8f6c660bf2d,2
30376d8cde4e,2
273a341b5144,0
1fb4db8834df,0
06daa7390238,2
5110fe0bf9cb,2
39f82967009b,0
d29354018b36,0
21d65a5b8d67,1
981115ef58ed,2
70f660f46630,4
75b6ffa63525,2
cd45c48db97d,3
3a3d5ebaaec3,2
3e4d4c1674f1,2
a15d713a7782,2
2b3edeb756b9,0
9d5061ccc54c,2
f167245c0bdf,4
c80eebab468d,3
bb4a8b80b7ee,1
6833ab2550c9,2
ce78805858b3,4
391b1802dfb5,2
a62983766a21,0
ac65fb85276d,4
0654cdd3c01a,2
6263433f1991,2
689d5626e98a,2
a807402308f2,2
224681bb4b7d,2
c5ff8e81f094,2
d8ebfa3568ac,1
4db82094e4a4,2
5f4dec014acf,0
3f007a2060c0,2
5276ab33b7b0,2
53959e0a750b,2
944678405e5e,2
e8fd593892f7,2
9db8a8b68de9,2
e7081f15bdbc,2
5b7aec374735,3
b82e6271eaa5,2
349ab243e75c,2
ad7675128e0c,2
a0cc05ce59fa,2
93b480980afb,2
7dfc3db13445,2
ea6742795adc,2
99b5603c3ddd,2
c9cac69b9ee0,2
ef4c7035ce6e,2
c23ba42c5251,3
624ebaffb2ab,2
e0d46318b156,2
5172c056a687,2
b7950b4753f9,2
d50c55a3c762,1
412d9433f93e,2
368271b942fb,4
cf62a20429e5,2
c97946322879,0
39ff5807f582,2
d6bf0d147a9d,2
3670a39e7026,2
edca22bdbeeb,2
9d3000de91bd,2
644f1ba18d8b,2
1ba29885e4ce,1
6365da11bf72,2
23766fab438c,3
2a18955eeb41,2
2eafcdec6ed9,1
0fb31b7aef5f,2
fe84ad1df04b,4
4defa0f6e0aa,2
6e56361bbd36,2
c5e5fb775899,4
75bca27c127d,2
daa2d1d05f49,1
51f57fb32840,2
fe0a340c4477,2
f3f696c65bfd,2
e74f1fdebdd6,0
3006fdc07d57,2
db91aeb2193e,4
e8c65c471b92,0
32bb537f9dec,1
6aecc3aa2de7,2
fd7cc592106e,2
b8c5029576f7,2
8798cccbcb0d,2
607f40adf8b1,2
d0defe792d44,2
e87e6e5db799,2
140c4f64fca3,2
6356f9dd9fdc,2
ff64897ac0d8,2
021c207614d6,1
b042fdb1e1a1,2
1278c303e03e,3
b79bc424675f,0
415c2ea2b6a9,2
42a390ee5583,2
887b4413f87c,2
764e6ea355ac,2
436651e030cb,0
9d9de8c9afb5,4
7d747f8387a8,3
b856313783fb,2
156350bc41c9,2
fa09c97a2887,4
10205b883f26,2
2665a122e8a2,2
5de413ba9250,2
f8aa9af6ca63,1
b9ee6ecab720,2
a9006f6480a7,2
71047d5e7299,1
f39ce81e62e4,3
44c7a0b9820f,2
5cbc7df5a21c,3
a6533f3144ba,2
4ca3eaf3493f,2
762107ec466c,2
32180eca093d,3
cd41966d03ef,0
ca38430b1d95,0
4d6333d41069,2
edae318f4942,2
3040ae4067b0,2
03eaa4eef484,2
890dd0b1921b,2
d9c9e94df371,0
8750b8bfe28a,2
657b8609f26f,2
4337e1114ad0,2
0c7e40a82c60,2
4c49594c40c9,3
cb004a78aecf,2
2b62b5a21668,2
b876a85c43f9,2
10c9d368f264,2
2ace14876108,2
dff147e8c2f9,2
36b9b2f23905,3
f9642cf6a5bb,2
6f5f99d0480c,2
3bbea0616bdc,2
8c0f725874af,1
a49b59299236,3
3da4e0e38f17,2
c6c76cf68bb8,0
93cbafc82f37,2
119c13369239,2
643ff5d1f90f,2
eee06cf50cff,2
9006234e30cf,0
f524093e34ea,2
9ff8eaf27f82,1
2deec95bbee7,3
aa7e34315323,2
8bdd3a1895c8,3
cb00fbc43f3a,2
f45ceb654c4d,2
e2ae80422b9e,0
17f0a333f224,1
ebb40c984d56,2
c69386aeafd3,2
78747a58eabc,0
bb0f83e7224f,0
626fe00f5cf7,2
1c241074f213,2
ba482933d0e3,2
6ae0afd18f89,2
ec353d42359d,3
09855c888f9f,2
3fd59954189f,2
ab27ad586cce,0
065cb18bb0b2,2
2f346c794823,3
9031d62a6efb,3
e97517f83449,2
4e609a790d75,4
79726ebe9844,2
98b2af334295,3
f3bf83a0e378,3
3a5d6cc796f1,2
59e7f9e69044,2
08cfae721bd8,2
0f61878bfd0e,2
1282d33e6fbc,2
5168ddccea88,2
3d4d693f7983,4
cbdc19b70634,2
9b9907171049,2
08a5afa9d62c,2
bf441174ad79,2
724929cecee3,2
9193a240b495,2
c11b3794d4e9,2
e002ce3cfe09,2
f3daf369a103,0
6ed92d0b2f78,2
246efa653ba4,0
adb38b7630c7,2
f092448b6617,2
720267b6630b,3
504b7e01be96,2
f756b1c4c52b,2
a678c7bdd312,1
f506b2b3c950,2
13e28ec4534a,4
33a0fb5161e1,2
f47c5fc86387,2
06cdd3f3f262,4
f96f06803471,2
d166f5253f48,2
11f10a8be429,0
1e34e33a0988,2
c8799272ed2f,3
db169abd047e,1
69bf0233198e,0
c5f88666d031,1
f3bebccd8f01,3
4a6795dc22f9,2
10df48fe8c6c,3
e506ac43ed7d,0
62917dbb7858,2
63dd40d7439b,2
8142cc87ebb9,2
5d62c37386fc,4
9fe34f463cef,2
6f43a3d1ed0a,1
228e7cf174ae,2
0a0780ad3395,2
9375f39522ab,0
8ae672ef2f60,4
46c4fb9164dc,2
a5867e3dde29,3
0ba16f32500e,0
652a7d1e42cf,0
4824f100624c,2
87252c491c19,2
30e384252334,2
33b59700691d,2
2f0e943c8ddc,2
287613276673,2
469dd4c920c0,2
d465bf00f65f,4
4ddfe4a87b11,2
9003ab48ebb8,2
9f124cfb3f5d,2
fc44a4ffaa45,2
3a2f02646df3,2
74b5ba54d7cc,3
6290dba05950,2
f237bd2d4189,2
3db49b4d5a7f,2
2ffd44200e6f,2
25eb93e69a3e,2
ab51d81bb302,4
7c0748d6d669,2
c5b9376b1031,2
c697d6496c5a,2
e976cf76fe42,2
b92c3f9c4f1a,3
23c483b2d9d1,2
aad8225d1252,2
f1416b6ac0f0,3
605359a98377,2
d087cc94e803,2
495b3b3cb438,2
28051dcc7861,2
2f032374b797,0
8f4ffa0d4f74,3
2cb697cbcb0b,3
96c3445bf5cd,0
f535da2b9102,2
01c5ba195207,2
61ff3873c036,2
8208638fc7cf,0
172eb75bc414,1
689d028fe647,4
fbcd28a51ef7,4
b28619c58d35,2
3dd629fd6d09,3
be99a17d1158,1
0a262e8b2a5a,4
b5c4cae30f91,2
eb56559c9a8c,2
e754bdc1061b,2
a3537724b9a5,4
85ceca982305,2
d99a7151297d,1
de3afa3ddd6e,0
95838f27bb23,4
8dd1c698ae62,0
29749f55270d,3
7baa6e053baf,2
0af080866c24,2
e8deb6e2de83,2
d0d9240fb267,4
c0f949e900cc,4
cac200729b8c,2
71291389a55d,2
fe190d618acf,2
584dab56f2c5,2
2630d7731c72,3
be110f3aad85,0
9f3457c79515,4
d87e5a77a830,2
74b0edef5063,2
2603cf87a7e3,2
667ec71b5003,0
024d0a225db1,2
c16e200bb026,2
b5ef4a1296d4,2
1ca7ecbd29fc,0
069ebdb1023d,2
fc67df1e574e,0
afb77c0d5ca3,2
af1b40174e18,2
c9e283e1350a,2
e4c643b8c321,2
54377de41c97,2
b6a4d7da60a7,2
551f1e4e2763,0
3873e0266b94,2
ab3050f000f5,2
933724df128e,0
4ca4c2b18a48,1
0d2c1ae24459,2
fe920e47b72d,2
2d639c269faa,2
94a6e4f3c625,2
0edc0c33e929,2
2febce215663,2
2e6a99e1df80,2
a203f9f5c288,3
1a495e43fc7d,4
d07a177c50a2,1
b8fe9bf02740,2
19fedfb6c8e1,2
5ea81ad2e8f2,2
e6419843845a,4
2d64c36a319d,0
f04b0e450206,2
8afe0b63efa5,2
558664213d06,2
434e10fa0bf5,2
88fda3e06e05,2
589747aab826,2
31d79157e7c4,0
e51a5a7cb0c4,2
ef39106db910,2
a6556e9206b2,0
2427e06125ae,2
c8e05928ba0f,3
0749255f718d,0
f0d3048b5a3f,2
b0ac3ccbfb36,2
a07855461605,0
4b62fc358248,3
fc6c9d0efe53,2
0622a0f615db,2
682baef89ab6,2
da807f93050c,2
39b6a6761d64,2
1ed74b13dc38,2
100d678b8125,2
898232c36d81,2
371a90136a15,2
881c69e5dcd8,1
7f9c86406c62,2
2884eb727858,0
fbe36fdd76be,2
ef36cbd84301,2
83c31eeeca0e,4
9f7eaf224b00,1
5953417e4750,3
2c8d36e41efb,2
4fb39a052f74,2
97cc3916d882,1
fc79feb5deed,2
f54b2ebf7f43,2
3c1d461434eb,2
13a444b80681,2
5f06b715ea24,1
18c7998ba166,4
c883b941e7d7,0
f576e224de55,3
cf00f7ff4409,2
f6a79dbb4339,2
16d36c3d0553,0
42442bd02e81,0
4ec759a78c5d,2
edd7e3e814e8,2
41cc795c4acd,2
01499815e469,2
808f32272dc8,3
cf98137e0faa,2
18d885cd7f0c,0
0005cfc8afb6,2
31825463d1e3,2
20456efc42ad,1
af12ccf257d3,0
46c9512ebcd1,1
d8468d108c02,0
16cfea326456,2
4d64a0fe8b2b,2
c70ef770980e,2
a131a9496b82,3
227af2e525a0,3
ccb1ebb98403,4
5ab71d422459,3
47bd700f47ee,2
7205b4cbc184,2
58ec1c8ed8b1,2
1248275c3f91,2
c6d804a72e73,0
af894868d352,0
93220677378c,0
f3e5159e0b2d,2
ab59dfa8dfa2,2
63f3c188ccb6,2
9772f0ba0ee7,2
f32e563daf7b,2
95e13f31b451,3
7015c532679c,2
b0c55927f712,2
ce6af5e7dd4b,2
7889e79f59f6,1
a0445b9d4930,2
0fa8a299f431,3
a94217c6d4fb,2
d0ee299b99ca,2
bafc8f7940f0,2
8b27d742f971,3
46f933bbe3cd,2
c8f81210b738,2
7614373a95a0,4
381be90b1dc0,1
ac6c7462887b,2
95c3558dc279,2
a766e99ac908,1
fa98490bc13c,2
3c21f8d1fa62,0
316f294f35ad,0
dff51d618ebd,2
862cc91ef3f0,2
061e7dab2b76,2
460bc010f96a,2
097614f1dcae,2
009c019a7309,2
0a2b5e1a0be8,3
9ed194d1942c,2
f218a44247b1,2
eb2ca71ecf29,0
56ad22ef1012,0
abd5b64eb7c8,0
afc9e5eb7158,3
71eba9a97184,2
aa381cb2abd2,0
97c4f207ae56,2
70a51d863a5e,2
5add6f0b6b82,3
cbfc17046ade,3
cad7be9b1e4a,4
b0b0d564e6c6,2
9c27b212d50b,2
f0848f9ccf92,2
2f9a5d2c4ee5,2
ee6e56f02740,0
c71728f9535b,2
29112729cdc0,2
97f6cff9be9d,2
85601f22d90d,2
e03bb55dd03c,0
515877da2def,2
3f3e750580d4,2
c475aefa6255,1
9a514aa26e2f,2
0e052b0dec40,2
e26bf4a0165f,3
d7e123072fde,4
458b2446e3dd,3
bc0a50485c85,0
fa988ad2271e,2
f1541578ba01,0
d1e17c1f626f,1
c849b220a7b6,2
4db635ee7440,4
619ce2c77917,2
3a8bcee20143,4
7d7cbd5ee1b3,2
91cb9f86e456,4
1de193623108,4
58a536e6fdde,2
9c5ba656e978,1
462507c543fb,2
77cf0d228a12,2
18f09deddab7,2
de2bfc6ae8dc,0
82eecce4cb86,2
d39d66f038ff,2
c7b8aef7c746,3
755615db51d3,2
9f70f457f732,2
ce79b62b49f7,1
a67503dd5c37,1
29cb3c00c82e,3
724afd41a9fa,2
c689594e1738,2
d8312c5b5217,1
0d38fb1ec22d,2
490c7597892e,0
6d0df0ec5fd7,2
d395e0984942,3
5b931245433c,2
d481ddad16f2,1
b27b5b53e383,2
b6e7ae30e458,4
ba8e74535796,2
983f2756d8be,2
dd9c3583fd50,3
95dafd1d5f47,2
062ed40f5272,0
ae2fda60811b,2
3bee147be104,2
c59e7e8eeeb5,2
89a37093baa9,2
b6017bf3847d,3
e23d7cd089fa,1
3943a494fb0d,0
17fb965efdf3,2
7754a10b07ae,4
31a6e9b91de3,1
ea746a0d54ac,0
e59c5a52ab4c,0
41031e40b326,2
ff4c945d9b17,2
dc425ae63cf4,2
779f70ddc126,2
a6d6248e1d55,4
401279eb879a,1
5bd9e507ed71,2
c3214eb3f870,4
1326dad5651f,0
c751a13679f3,1
8634cfaa63c5,0
1620fa014ccb,1
d65a606a9289,0
a77c37529ee7,2
e48caeb90d74,0
5b04aa895c31,2
b5d91947038f,3
bf0a40de1790,2
15586b5a4a6a,3
a1452b3e185b,2
5a6a2c8cdd35,2
3a3b00bad960,2
45f34a152021,3
29ca7f9cb14a,2
86683eb8921e,3
6c3053baeb67,2
2febc332f628,2
774cafde22b5,0
d28249710414,2
23c5eba92749,2
e4c510a40d9c,2
51e88694c81f,2
701ac49e32d2,2
5cfc10f6114c,1
58d6d0115c72,2
c1df61ca9c16,0
3d913f289d77,2
